threshold,hit_rate,avg_latency
0.7,0.165,0.032264901399612425
0.75,0.19,0.025885097980499268
0.8,0.2,0.026442437171936034
0.85,0.18,0.02524469256401062
0.9,0.165,0.02826041102409363
0.95,0.155,0.025398635864257814
